,assists,predF_pts_rf,predd_team_rf,first_name,second_name,,,,,,,,,,,,
370,-0.058823529,5.7719,0.467133333,Lucas,Rodrigues Moura da Silva,,,,,,,,,,,Mohamed,Salah
49,-0.058823529,5.023633333,0.3383,Shane,Duffy,,,,,,,,,,,Eden,Hazard
343,-0.117647059,5.360566667,0.3348,Nathan,Redmond,,,,,,,,,,,Lucas,Rodrigues Moura da Silva
87,-0.058823529,5.515233333,0.308866667,Chris,Wood,,,,,,,,,,,Chris,Wood
273,1.911764706,4.9578,0.3046,Kevin,De Bruyne,,,,,,,,,,,Nathan,Redmond
122,-0.352941176,6.451266667,0.280633333,Eden,Hazard,,,,,,,,,,,Paul,Pogba
253,-0.294117647,8.545566667,0.270033333,Mohamed,Salah,,,,,,,,,,,Shane,Duffy
302,-0.294117647,5.136166667,0.265233333,Paul,Pogba,,,,,,,,,,,Ayoze,Pérez
151,-0.235294118,4.686733333,0.261533333,Wilfried,Zaha,,,,,,,,,,,Kevin,De Bruyne
42,0.852941176,4.481,0.259233333,David,Brooks,,,,,,,,,,,Diogo,Jota
18,-0.117647059,4.291066667,0.255433333,Henrikh,Mkhitaryan,,,,,,,,,,,Pierre-Emerick,Aubameyang
432,-0.205882353,4.950066667,0.250766667,Diogo,Jota,,,,,,,,,,,Wilfried,Zaha
468,0,4.636533333,0.248272549,Alisson,Ramses Becker,,,,,,,,,,,Alisson,Ramses Becker
480,0.882352941,4.318733333,0.2458,Aleksandar,Mitrovic,,,,,,,,,,,Lukasz,Fabianski
326,-0.058823529,4.987666667,0.232366667,Ayoze,Pérez,,,,,,,,,,,,
423,0,4.5645,0.231666667,Willy,Boly,,,,,,,,,,,,
364,0.647058824,4.3784,0.2073,Christian,Eriksen,,,,,,,,,,,,
47,0,4.169933333,0.201272549,Mathew,Ryan,,,,,,,,,,,,
465,-0.147058824,4.457,0.192533333,Felipe Anderson,Pereira Gomes,,,,,,,,,,,,
62,0,3.704333333,0.189666667,Glenn,Murray,,,,,,,,,,,,
23,-0.205882353,4.700033333,0.185466667,Pierre-Emerick,Aubameyang,,,,,,,,,,,,
351,0,3.495433333,0.184966667,Hugo,Lloris,,,,,,,,,,,,
40,1.647058824,3.860766667,0.1842,Ryan,Fraser,,,,,,,,,,,,
437,-0.294117647,4.1114,0.183533333,Raúl,Jiménez,,,,,,,,,,,,
575,0.882352941,3.628966667,0.183166667,Ryan,Babel,,,,,,,,,,,,
459,0,4.0878,0.180566667,Jorge Luiz,Frello Filho,,,,,,,,,,,,
498,0,4.257033333,0.177354367,Kepa,Arrizabalaga,,,,,,,,,,,,
48,-0.029411765,3.6572,0.171966667,Lewis,Dunk,,,,,,,,,,,,
43,1.676470588,4.2084,0.171166667,Callum,Wilson,,,,,,,,,,,,
72,-0.058823529,3.6595,0.170766667,James,Tarkowski,,,,,,,,,,,,
393,-0.058823529,3.178633333,0.1681,Richarlison,de Andrade,,,,,,,,,,,,
340,-0.058823529,3.534833333,0.163133333,Pierre-Emile,Højbjerg,,,,,,,,,,,,
270,-0.382352941,3.800433333,0.161266667,Raheem,Sterling,,,,,,,,,,,,
246,0.882352941,4.1225,0.159533333,Virgil,van Dijk,,,,,,,,,,,,
504,0.882352941,3.314233333,0.156433333,Víctor,Camarasa,,,,,,,,,,,,
233,-0.176470588,3.044633333,0.1522,James,Maddison,,,,,,,,,,,,
15,-0.176470588,4.129233333,0.148966667,Alex,Iwobi,,,,,,,,,,,,
190,0,2.840366667,0.1477,Ben,Hamer,,,,,,,,,,,,
306,-0.029411765,3.357233333,0.1475,Romelu,Lukaku,,,,,,,,,,,,
85,-0.088235294,3.245133333,0.142966667,Ashley,Barnes,,,,,,,,,,,,
275,0.647058824,4.001366667,0.141833333,Leroy,Sané,,,,,,,,,,,,
556,0,4.193766667,0.1416,Yan,Valery,,,,,,,,,,,,
406,0,3.637966667,0.140966667,Declan,Rice,,,,,,,,,,,,
145,-0.058823529,3.858466667,0.140633333,Aaron,Wan-Bissaka,,,,,,,,,,,,
493,-0.147058824,3.4062,0.1366,Salomón,Rondón,,,,,,,,,,,,
2,0,3.645433333,0.135733333,Bernd,Leno,,,,,,,,,,,,
234,-0.147058824,3.584733333,0.134966667,Jamie,Vardy,,,,,,,,,,,,
390,-0.176470588,2.812133333,0.1346,Abdoulaye,Doucouré,,,,,,,,,,,,
80,-0.235294118,3.4491,0.1344,Ashley,Westwood,,,,,,,,,,,,
312,-0.029411765,3.860966667,0.132533333,Jamaal,Lascelles,,,,,,,,,,,,
396,-0.147058824,2.914466667,0.1279,Troy,Deeney,,,,,,,,,,,,
433,-0.058823529,3.847466667,0.125766667,Rúben Diogo,da Silva Neves,,,,,,,,,,,,
335,-0.029411765,4.0763,0.125033333,Jan,Bednarek,,,,,,,,,,,,
90,-0.117647059,4.061833333,0.124833333,Sean,Morrison,,,,,,,,,,,,
251,-0.088235294,3.8869,0.124533333,Sadio,Mané,,,,,,,,,,,,
220,-0.029411765,3.3534,0.1245,Harry,Maguire,,,,,,,,,,,,
257,-0.235294118,3.3196,0.1238,Roberto,Firmino,,,,,,,,,,,,
58,-0.147058824,2.740633333,0.122133333,Solomon,March,,,,,,,,,,,,
534,0.882352941,3.4043,0.121633333,Dwight,McNeil,,,,,,,,,,,,
338,0,3.3532,0.119766667,James,Ward-Prowse,,,,,,,,,,,,
445,0,3.018666667,0.119666667,Ben,Foster,,,,,,,,,,,,
245,-0.205882353,3.520566667,0.119066667,Trent,Alexander-Arnold,,,,,,,,,,,,
45,-0.088235294,3.091833333,0.116233333,Joshua,King,,,,,,,,,,,,
305,-0.205882353,3.3253,0.1162,Marcus,Rashford,,,,,,,,,,,,
454,0,3.735066667,0.116066667,Rui Pedro,dos Santos Patrício,,,,,,,,,,,,
25,0,2.800033333,0.115933333,Artur,Boruc,,,,,,,,,,,,
271,-0.176470588,3.145533333,0.114866667,David,Silva,,,,,,,,,,,,
192,-0.029411765,4.039,0.114333333,Christopher,Schindler,,,,,,,,,,,,
587,-0.058823529,2.866133333,0.113566667,Miguel,Almirón,,,,,,,,,,,,
522,0,2.6871,0.112766667,Jon Gorenc,Stankovic,,,,,,,,,,,,
371,0.882352941,4.2023,0.112366667,Fernando,Llorente,,,,,,,,,,,,
150,-0.029411765,2.9092,0.112333333,Luka,Milivojevic,,,,,,,,,,,,
301,0.882352941,3.180933333,0.111233333,Anthony,Martial,,,,,,,,,,,,
309,0,4.036033333,0.111015152,Martin,Dubravka,,,,,,,,,,,,
213,0,3.105833333,0.107433333,Kasper,Schmeichel,,,,,,,,,,,,
280,-0.294117647,3.019533333,0.1072,Sergio,Agüero,,,,,,,,,,,,
376,0,3.232233333,0.107166667,Craig,Cathcart,,,,,,,,,,,,
591,-0.117647059,3.753666667,0.1038,Youri,Tielemans,,,,,,,,,,,,
258,0.941176471,3.667533333,0.103233333,Danny,Ings,,,,,,,,,,,,
484,-0.117647059,3.4673,0.098433333,Lucas,Digne,,,,,,,,,,,,
175,-0.117647059,4.161066667,0.097766667,Dominic,Calvert-Lewin,,,,,,,,,,,,
394,-0.147058824,2.1651,0.094333333,Gerard,Deulofeu,,,,,,,,,,,,
172,-0.117647059,2.9176,0.093866667,Gylfi,Sigurdsson,,,,,,,,,,,,
323,-0.088235294,2.245666667,0.093366667,Isaac,Hayden,,,,,,,,,,,,
579,0,2.389266667,0.092566667,Gonzalo,Higuaín,,,,,,,,,,,,
13,-0.088235294,2.985766667,0.091633333,Mesut,Özil,,,,,,,,,,,,
31,-0.029411765,3.154666667,0.0915,Nathan,Aké,,,,,,,,,,,,
281,-0.088235294,3.606833333,0.0911,Gabriel Fernando,de Jesus,,,,,,,,,,,,
355,0,3.278,0.091,Jan,Vertonghen,,,,,,,,,,,,
282,0,3.219666667,0.090533333,David,de Gea,,,,,,,,,,,,
14,-0.176470588,3.7524,0.090066667,Aaron,Ramsey,,,,,,,,,,,,
154,0,2.954866667,0.0897,Jordan,Pickford,,,,,,,,,,,,
367,0.764705882,3.518633333,0.0888,Heung-Min,Son,,,,,,,,,,,,
55,-0.176470588,3.371,0.088233333,Anthony,Knockaert,,,,,,,,,,,,
247,-0.294117647,4.502366667,0.087866667,Andrew,Robertson,,,,,,,,,,,,
17,-0.058823529,3.294833333,0.087466667,Granit,Xhaka,,,,,,,,,,,,
149,-0.117647059,2.875133333,0.083533333,Andros,Townsend,,,,,,,,,,,,
124,-0.205882353,2.759533333,0.0831,Willian,Borges Da Silva,,,,,,,,,,,,
88,0,4.3188,0.083033333,Neil,Etheridge,,,,,,,,,,,,
268,-0.058823529,2.890266667,0.0821,Aymeric,Laporte,,,,,,,,,,,,
95,0,2.950066667,0.081633333,Lee,Peltier,,,,,,,,,,,,
184,-0.205882353,2.441366667,0.081566667,Ryan,Sessegnon,,,,,,,,,,,,
147,0.823529412,2.736,0.0815,James,McArthur,,,,,,,,,,,,
131,-0.029411765,3.241866667,0.0807,Callum,Hudson-Odoi,,,,,,,,,,,,
475,0.764705882,3.0835,0.079266667,João Filipe Iria,Santos Moutinho,,,,,,,,,,,,
489,-0.147058824,3.7397,0.078666667,Robert,Snodgrass,,,,,,,,,,,,
483,-0.029411765,2.8946,0.076733333,Jonathan,Castro Otto,,,,,,,,,,,,
425,-0.176470588,3.8778,0.076,Matt,Doherty,,,,,,,,,,,,
427,0,2.1629,0.075466667,Ryan,Bennett,,,,,,,,,,,,
395,-0.058823529,2.6441,0.074933333,Andre,Gray,,,,,,,,,,,,
3,0,2.641866667,0.074566667,Laurent,Koscielny,,,,,,,,,,,,
392,-0.117647059,2.453866667,0.072633333,Will,Hughes,,,,,,,,,,,,
56,-0.029411765,2.8255,0.072533333,Dale,Stephens,,,,,,,,,,,,
137,0,2.951366667,0.071933333,Vicente,Guaita,,,,,,,,,,,,
353,0,2.779566667,0.0719,Toby,Alderweireld,,,,,,,,,,,,
482,-0.029411765,2.5507,0.071866667,Fabian,Schär,,,,,,,,,,,,
126,-0.117647059,3.625766667,0.071666667,N'Golo,Kanté,,,,,,,,,,,,
260,-0.029411765,3.474,0.071572549,Ederson,Santana de Moraes,,,,,,,,,,,,
182,-0.029411765,2.8718,0.069133333,Tom,Cairney,,,,,,,,,,,,
215,0,2.992333333,0.068533333,Wes,Morgan,,,,,,,,,,,,
274,-0.058823529,2.596466667,0.068166667,Ilkay,Gündogan,,,,,,,,,,,,
400,0,4.624233333,0.067633333,Lukasz,Fabianski,,,,,,,,,,,,
27,-0.029411765,4.065433333,0.066766667,Steve,Cook,,,,,,,,,,,,
140,0,2.489533333,0.066666667,Martin,Kelly,,,,,,,,,,,,
391,-0.117647059,2.161933333,0.0664,Roberto,Pereyra,,,,,,,,,,,,
512,0,1.870533333,0.064966667,André-Frank,Zambo Anguissa,,,,,,,,,,,,
372,-0.176470588,2.3114,0.0648,Harry,Kane,,,,,,,,,,,,
411,-0.088235294,2.4748,0.064566667,Mark,Noble,,,,,,,,,,,,
164,-0.088235294,1.439933333,0.063833333,Theo,Walcott,,,,,,,,,,,,
243,0,2.396433333,0.063766667,Joel,Matip,,,,,,,,,,,,
592,-0.029411765,1.6474,0.063766667,Michy,Batshuayi,,,,,,,,,,,,
300,-0.088235294,2.1547,0.0625,Jesse,Lingard,,,,,,,,,,,,
267,-0.176470588,2.537933333,0.062233333,Benjamin,Mendy,,,,,,,,,,,,
9,0,2.555966667,0.062,Calum,Chambers,,,,,,,,,,,,
116,-0.058823529,2.974466667,0.0611,David,Luiz Moreira Marinho,,,,,,,,,,,,
133,-0.117647059,1.5954,0.061,Olivier,Giroud,,,,,,,,,,,,
66,0,1.852866667,0.060933333,Florin,Andone,,,,,,,,,,,,
189,0,1.027833333,0.060533333,Aboubakar,Kamara,,,,,,,,,,,,
339,0,2.8598,0.060366667,Oriol,Romeu Vidal,,,,,,,,,,,,
118,-0.029411765,2.290433333,0.0603,Antonio,Rüdiger,,,,,,,,,,,,
347,-0.058823529,3.596433333,0.058933333,Shane,Long,,,,,,,,,,,,
358,-0.088235294,2.193266667,0.0589,Kyle,Walker-Peters,,,,,,,,,,,,
378,-0.205882353,2.007633333,0.058833333,José,Holebas,,,,,,,,,,,,
254,-0.147058824,2.165,0.057666667,James,Milner,,,,,,,,,,,,
509,0,2.6413,0.057633333,Sergio,Rico,,,,,,,,,,,,
8,-0.205882353,3.254666667,0.057366667,Sead,Kolasinac,,,,,,,,,,,,
450,-0.117647059,2.655133333,0.0573,Lucas,Torreira,,,,,,,,,,,,
409,0,1.3819,0.0571,Issa,Diop,,,,,,,,,,,,
357,-0.147058824,2.843466667,0.056733333,Kieran,Trippier,,,,,,,,,,,,
223,-0.088235294,1.9123,0.055466667,Riyad,Mahrez,,,,,,,,,,,,
524,-0.029411765,2.570933333,0.052633333,Isaac,Success Ajayi,,,,,,,,,,,,
310,-0.058823529,2.1923,0.0524,DeAndre,Yedlin,,,,,,,,,,,,
142,-0.058823529,3.050633333,0.052233333,Patrick,van Aanholt,,,,,,,,,,,,
22,-0.323529412,2.823566667,0.051866667,Alexandre,Lacazette,,,,,,,,,,,,
415,-0.147058824,2.141933333,0.051666667,Michail,Antonio,,,,,,,,,,,,
179,0,0.5328,0.051,David,Button,,,,,,,,,,,,
419,-0.117647059,2.2924,0.050866667,Javier,Hernández Balcázar,,,,,,,,,,,,
113,-0.147058824,3.5256,0.0507,César,Azpilicueta,,,,,,,,,,,,
365,-0.088235294,2.1621,0.049133333,Bamidele,Alli,,,,,,,,,,,,
366,0,1.7368,0.048966667,Victor,Wanyama,,,,,,,,,,,,
227,0,3.070166667,0.0488,Wilfred,Ndidi,,,,,,,,,,,,
452,0,3.051,0.0487,Angus,Gunn,,,,,,,,,,,,
221,-0.205882353,2.0772,0.0487,Ricardo Domingos,Barbosa Pereira,,,,,,,,,,,,
571,-0.088235294,2.782566667,0.048666667,Harvey,Barnes,,,,,,,,,,,,
414,0.941176471,2.506566667,0.048266667,Manuel,Lanzini,,,,,,,,,,,,
292,-0.029411765,1.779733333,0.0477,Victor,Lindelöf,,,,,,,,,,,,
28,0,1.244533333,0.047333333,Charlie,Daniels,,,,,,,,,,,,
317,0.852941176,2.994533333,0.046733333,Matt,Ritchie,,,,,,,,,,,,
70,-0.058823529,2.9086,0.046666667,Ben,Mee,,,,,,,,,,,,
100,0,1.899433333,0.0465,Nathaniel,Mendez-Laing,,,,,,,,,,,,
37,-0.058823529,2.272666667,0.046333333,Dan,Gosling,,,,,,,,,,,,
462,-0.117647059,1.206233333,0.0462,Xherdan,Shaqiri,,,,,,,,,,,,
91,-0.029411765,1.324033333,0.045633333,Sol,Bamba,,,,,,,,,,,,
191,0,1.607766667,0.0456,Jonas,Lössl,,,,,,,,,,,,
430,0,3.281266667,0.045139216,Conor,Coady,,,,,,,,,,,,
490,0,1.435833333,0.044866667,Joe,Hart,,,,,,,,,,,,
403,-0.029411765,2.3926,0.044315152,Angelo,Ogbonna,,,,,,,,,,,,
115,-0.235294118,1.672166667,0.0442,Marcos,Alonso,,,,,,,,,,,,
295,-0.147058824,1.109333333,0.0439,Alexis,Sánchez,,,,,,,,,,,,
478,0,0.984433333,0.043433333,André,Schürrle,,,,,,,,,,,,
132,-0.058823529,2.428933333,0.0431,Ruben,Loftus-Cheek,,,,,,,,,,,,
276,-0.235294118,2.2371,0.0427,Bernardo Mota,Veiga de Carvalho e Silva,,,,,,,,,,,,
526,-0.058823529,2.186033333,0.0426,Kurt,Zouma,,,,,,,,,,,,
92,-0.029411765,3.0164,0.042366667,Bruno,Ecuele Manga,,,,,,,,,,,,
99,0.941176471,2.767566667,0.042166667,David Junior,Hoilett,,,,,,,,,,,,
125,-0.029411765,0.896566667,0.041933333,Pedro,Rodríguez Ledesma,,,,,,,,,,,,
330,0,2.949166667,0.0419,Ryan,Bertrand,,,,,,,,,,,,
265,-0.029411765,2.730766667,0.040933333,Kyle,Walker,,,,,,,,,,,,
328,0,1.744733333,0.040266667,Alex,McCarthy,,,,,,,,,,,,
219,-0.117647059,3.325,0.039633333,Benjamin,Chilwell,,,,,,,,,,,,
417,-0.117647059,1.047133333,0.0384,Marko,Arnautovic,,,,,,,,,,,,
59,-0.058823529,2.389266667,0.038233333,Pascal,Groß,,,,,,,,,,,,
389,-0.088235294,2.355433333,0.038133333,Etienne,Capoue,,,,,,,,,,,,
549,0,2.851466667,0.037733333,Juan,Foyth,,,,,,,,,,,,
24,0,1.884866667,0.0373,Asmir,Begovic,,,,,,,,,,,,
138,-0.029411765,1.3117,0.0367,James,Tomkins,,,,,,,,,,,,
293,-0.088235294,1.552133333,0.036566667,Ashley,Young,,,,,,,,,,,,
331,0.970588235,3.507833333,0.0365,Maya,Yoshida,,,,,,,,,,,,
286,-0.117647059,0.921233333,0.035666667,Luke,Shaw,,,,,,,,,,,,
426,0,2.308066667,0.035566667,Romain,Saïss,,,,,,,,,,,,
211,-0.117647059,1.667866667,0.035566667,Steve,Mounie,,,,,,,,,,,,
264,0,1.736,0.035366667,Nicolás,Otamendi,,,,,,,,,,,,
74,-0.029411765,2.350566667,0.035266667,Charlie,Taylor,,,,,,,,,,,,
195,-0.029411765,1.1028,0.0339,Mathias,Jorgensen,,,,,,,,,,,,
297,0.882352941,2.0036,0.033833333,Juan,Mata,,,,,,,,,,,,
7,0,2.5264,0.033333333,Shkodran,Mustafi,,,,,,,,,,,,
510,-0.029411765,1.844166667,0.033233333,Joe,Bryan,,,,,,,,,,,,
76,-0.176470588,1.9208,0.033,Johann Berg,Gudmundsson,,,,,,,,,,,,
225,-0.029411765,1.662166667,0.032633333,Demarai,Gray,,,,,,,,,,,,
383,-0.029411765,2.6302,0.0326,Francisco,Femenía Far,,,,,,,,,,,,
585,-0.058823529,2.590866667,0.0326,Karlan,Grant,,,,,,,,,,,,
67,0,2.079666667,0.031233333,Tom,Heaton,,,,,,,,,,,,
134,0,0.762566667,0.031066667,Álvaro,Morata,,,,,,,,,,,,
206,0,0.9434,0.030533333,Alex,Pritchard,,,,,,,,,,,,
494,-0.058823529,2.404466667,0.030066667,Jefferson,Lerma,,,,,,,,,,,,
162,-0.058823529,1.2143,0.03,Michael,Keane,,,,,,,,,,,,
208,0,2.819533333,0.029633333,Juninho,Bacuna,,,,,,,,,,,,
176,0,2.667233333,0.0295,Oumar,Niasse,,,,,,,,,,,,
141,-0.088235294,1.800566667,0.029466667,Jeffrey,Schlupp,,,,,,,,,,,,
202,0,0.8377,0.0294,Philip,Billing,,,,,,,,,,,,
272,-0.088235294,1.452466667,0.0291,Fernando,Luiz Rosa,,,,,,,,,,,,
256,-0.029411765,1.8705,0.0287,Naby,Keita,,,,,,,,,,,,
101,-0.058823529,1.159666667,0.028533333,Callum,Paterson,,,,,,,,,,,,
304,-0.058823529,1.773666667,0.028366667,Frederico,Rodrigues de Paula Santos,,,,,,,,,,,,
508,-0.058823529,2.425,0.028266667,André Filipe,Tavares Gomes,,,,,,,,,,,,
507,-0.117647059,2.069333333,0.0282,Bernard,Anício Caldeira Duarte,,,,,,,,,,,,
479,-0.088235294,1.1839,0.027433333,Matt,Targett,,,,,,,,,,,,
135,0,1.455566667,0.0274,Wayne,Hennessey,,,,,,,,,,,,
127,-0.147058824,1.659533333,0.026466667,Ross,Barkley,,,,,,,,,,,,
36,-0.088235294,1.939966667,0.025833333,Junior,Stanislas,,,,,,,,,,,,
98,0,2.031333333,0.0257,Joe,Ralls,,,,,,,,,,,,
157,-0.058823529,2.394633333,0.025666667,Seamus,Coleman,,,,,,,,,,,,
110,-0.088235294,2.2012,0.025533333,Bobby,Reid,,,,,,,,,,,,
224,-0.058823529,1.670333333,0.0255,Marc,Albrighton,,,,,,,,,,,,
177,-0.088235294,0.888833333,0.025333333,Cenk,Tosun,,,,,,,,,,,,
410,-0.029411765,2.276433333,0.024766667,Arthur,Masuaku,,,,,,,,,,,,
502,0,0.439666667,0.024766667,Lucas,Pérez,,,,,,,,,,,,
464,0,2.367266667,0.024366667,Fabián,Balbuena,,,,,,,,,,,,
82,-0.058823529,2.345666667,0.024266667,Jack,Cork,,,,,,,,,,,,
511,0,1.6542,0.024266667,Timothy,Fosu-Mensah,,,,,,,,,,,,
252,-0.029411765,1.627233333,0.024233333,Georginio,Wijnaldum,,,,,,,,,,,,
327,0,1.559266667,0.0234,Jose Luis,Mato Sanmartín,,,,,,,,,,,,
94,-0.029411765,2.137633333,0.0225,Joe,Bennett,,,,,,,,,,,,
590,-0.029411765,0.612948485,0.0225,Peter,Crouch,,,,,,,,,,,,
158,0,1.620366667,0.022233333,Phil,Jagielka,,,,,,,,,,,,
354,-0.117647059,3.774433333,0.022166667,Danny,Rose,,,,,,,,,,,,
201,-0.029411765,2.178566667,0.022033333,Jonathan,Hogg,,,,,,,,,,,,
222,0,1.295733333,0.022,Jonny,Evans,,,,,,,,,,,,
198,-0.029411765,2.3161,0.0218,Terence,Kongolo,,,,,,,,,,,,
262,0,1.8806,0.021766667,John,Stones,,,,,,,,,,,,
152,0,1.980933333,0.021266667,Christian,Benteke,,,,,,,,,,,,
180,0,1.6575,0.021066667,Tim,Ream,,,,,,,,,,,,
453,-0.029411765,0.6255,0.020966667,Andriy,Yarmolenko,,,,,,,,,,,,
463,0,2.302333333,0.0209,Jannik,Vestergaard,,,,,,,,,,,,
451,0,1.966366667,0.020733333,Matteo,Guendouzi,,,,,,,,,,,,
345,-0.088235294,0.873066667,0.0203,Stuart,Armstrong,,,,,,,,,,,,
4,-0.147058824,1.275866667,0.020233333,Héctor,Bellerín,,,,,,,,,,,,
513,-0.117647059,0.811433333,0.0196,Luciano,Vietto,,,,,,,,,,,,
405,-0.029411765,2.163533333,0.019,Pablo,Zabaleta,,,,,,,,,,,,
136,0,0.540633333,0.018966667,Julian,Speroni,,,,,,,,,,,,
318,-0.029411765,0.9657,0.0189,Jonjo,Shelvey,,,,,,,,,,,,
363,-0.058823529,0.963733333,0.0188,Erik,Lamela,,,,,,,,,,,,
382,0,2.085933333,0.018266667,Adrian,Mariappa,,,,,,,,,,,,
503,-0.029411765,2.078433333,0.018266667,Martín,Montoya,,,,,,,,,,,,
455,-0.029411765,1.912733333,0.017966667,Maxime,Le Marchand,,,,,,,,,,,,
241,0,0.864733333,0.017866667,Nathaniel,Clyne,,,,,,,,,,,,
106,-0.029411765,1.316466667,0.017633333,Josh,Murphy,,,,,,,,,,,,
361,0,0.538266667,0.0175,Eric,Dier,,,,,,,,,,,,
543,-0.029411765,0.773633333,0.017466667,Divock,Origi,,,,,,,,,,,,
332,-0.058823529,0.9653,0.0174,Cédric,Soares,,,,,,,,,,,,
12,-0.058823529,1.638333333,0.0173,Sokratis,Papastathopoulos,,,,,,,,,,,,
197,0,2.0651,0.017,Florent,Hadergjonaj,,,,,,,,,,,,
60,-0.029411765,1.961,0.016933333,Davy,Pröpper,,,,,,,,,,,,
380,0,1.9104,0.0168,Christian,Kabasele,,,,,,,,,,,,
193,-0.088235294,1.9183,0.0167,Chris,Löwe,,,,,,,,,,,,
199,-0.029411765,1.720733333,0.0165,Aaron,Mooy,,,,,,,,,,,,
527,-0.029411765,1.7176,0.0164,Nampalys,Mendy,,,,,,,,,,,,
359,-0.058823529,2.663166667,0.016166667,Davinson,Sánchez,,,,,,,,,,,,
78,-0.058823529,1.941233333,0.015333333,Jeff,Hendrick,,,,,,,,,,,,
255,-0.058823529,1.7641,0.015266667,Fabio Henrique,Tavares,,,,,,,,,,,,
456,-0.088235294,1.331766667,0.014966667,Jean Michael,Seri,,,,,,,,,,,,
476,0,1.781566667,0.0144,Alireza,Jahanbakhsh,,,,,,,,,,,,
5,-0.088235294,2.375566667,0.014166667,Nacho,Monreal,,,,,,,,,,,,
519,0,1.892566667,0.0141,Leander,Dendoncker,,,,,,,,,,,,
29,0,2.260566667,0.0137,Adam,Smith,,,,,,,,,,,,
279,-0.088235294,0.841733333,0.0137,Oleksandr,Zinchenko,,,,,,,,,,,,
472,-0.029411765,0.755666667,0.0135,Daniel,Sturridge,,,,,,,,,,,,
299,-0.088235294,0.706566667,0.013433333,Ander,Herrera,,,,,,,,,,,,
356,0,2.061466667,0.0134,Ben,Davies,,,,,,,,,,,,
348,-0.058823529,0.919466667,0.013233333,Charlie,Austin,,,,,,,,,,,,
32,0,0.780473333,0.013,Jack,Simpson,,,,,,,,,,,,
69,0,1.714633333,0.0129,Matthew,Lowton,,,,,,,,,,,,
314,0,1.0411,0.012866667,Florian,Lejeune,,,,,,,,,,,,
167,-0.029411765,0.768833333,0.0127,Morgan,Schneiderlin,,,,,,,,,,,,
249,0.941176471,2.134,0.0126,Jordan,Henderson,,,,,,,,,,,,
84,0,0.589666667,0.012233333,Sam,Vokes,,,,,,,,,,,,
143,0,0.978433333,0.012166667,Mamadou,Sakho,,,,,,,,,,,,
121,0,1.490033333,0.012133333,Emerson,Palmieri dos Santos,,,,,,,,,,,,
146,0,0.4938,0.0116,Jason,Puncheon,,,,,,,,,,,,
460,0,1.168,0.0115,Cyrus,Christie,,,,,,,,,,,,
119,0,0.8452,0.011333333,Andreas,Christensen,,,,,,,,,,,,
499,-0.058823529,0.8118,0.0112,Mateo,Kovacic,,,,,,,,,,,,
239,-0.029411765,0.730766667,0.011166667,Dejan,Lovren,,,,,,,,,,,,
296,0,1.2253,0.011033333,Nemanja,Matic,,,,,,,,,,,,
168,-0.029411765,1.824433333,0.010833333,Idrissa,Gueye,,,,,,,,,,,,
102,-0.029411765,1.982366667,0.0108,Aron,Gunnarsson,,,,,,,,,,,,
75,0,0.966466667,0.010733333,Phil,Bardsley,,,,,,,,,,,,
65,0,1.3972,0.0107,Jürgen,Locadia,,,,,,,,,,,,
315,-0.058823529,1.5744,0.010666667,Javier,Manquillo,,,,,,,,,,,,
303,0,1.039733333,0.0105,Scott,McTominay,,,,,,,,,,,,
259,-0.029411765,1.402666667,0.010466667,Dominic,Solanke,,,,,,,,,,,,
1,0,0.686057143,0.010366667,Petr,Cech,,,,,,,,,,,,
580,0,1.261133333,0.010266667,Chris,Mepham,,,,,,,,,,,,
446,-0.058823529,0.588833333,0.01,Ken,Sema,,,,,,,,,,,,
26,-0.058823529,0.945,0.0099,Simon,Francis,,,,,,,,,,,,
181,-0.029411765,0.939533333,0.0099,Denis,Odoi,,,,,,,,,,,,
33,-0.029411765,0.925666667,0.009833333,Harry,Arter,,,,,,,,,,,,
369,0.911764706,1.923833333,0.009666667,Moussa,Sissoko,,,,,,,,,,,,
263,0,1.949666667,0.009548485,Vincent,Kompany,,,,,,,,,,,,
344,-0.058823529,0.565,0.0095,Mario,Lemina,,,,,,,,,,,,
492,0,0.621833333,0.0094,Rachid,Ghezzal,,,,,,,,,,,,
178,0,0.501733333,0.0093,Marcus,Bettinelli,,,,,,,,,,,,
435,-0.058823529,0.6268,0.009233333,Hélder,Costa,,,,,,,,,,,,
61,-0.058823529,1.039666667,0.0091,José Heriberto,Izquierdo Mena,,,,,,,,,,,,
346,0,0.579966667,0.0089,Mohamed,Elyounoussi,,,,,,,,,,,,
242,0,0.785433333,0.008766667,Joseph,Gomez,,,,,,,,,,,,
139,0,1.480933333,0.008733333,Scott,Dann,,,,,,,,,,,,
336,0,0.890833333,0.0085,Wesley,Hoedt,,,,,,,,,,,,
284,0,1.652833333,0.0083,Chris,Smalling,,,,,,,,,,,,
402,-0.029411765,0.8787,0.008166667,Aaron,Cresswell,,,,,,,,,,,,
250,-0.029411765,0.680633333,0.0081,Adam,Lallana,,,,,,,,,,,,
288,0,0.416733333,0.0081,Antonio,Valencia,,,,,,,,,,,,
51,0,0.9066,0.0079,Gaëtan,Bong,,,,,,,,,,,,
83,-0.029411765,0.3376,0.007833333,Aaron,Lennon,,,,,,,,,,,,
236,-0.147058824,1.1779,0.007666667,Kelechi,Iheanacho,,,,,,,,,,,,
466,0,0.8406,0.007566667,Yves,Bissouma,,,,,,,,,,,,
458,-0.029411765,0.719,0.007566667,Robert Kenedy,Nunes do Nascimento,,,,,,,,,,,,
21,-0.029411765,0.3333,0.007566667,Danny,Welbeck,,,,,,,,,,,,
381,-0.029411765,1.777033333,0.0075,Daryl,Janmaat,,,,,,,,,,,,
474,0,0.561833333,0.007433333,Fabricio,Agosto Ramírez,,,,,,,,,,,,
123,0,0.162133333,0.007233333,Cesc,Fàbregas,,,,,,,,,,,,
413,-0.029411765,0.789066667,0.0072,Pedro,Obiang,,,,,,,,,,,,
194,0,0.320166667,0.007166667,Tommy,Smith,,,,,,,,,,,,
408,0,1.1324,0.007066667,Ryan,Fredericks,,,,,,,,,,,,
421,0,0.4318,0.007033333,John,Ruddy,,,,,,,,,,,,
440,-0.029411765,1.877133333,0.007,Bernardo,Fernandes da Silva Junior,,,,,,,,,,,,
434,-0.029411765,1.138733333,0.006966667,Ivan,Cavaleiro,,,,,,,,,,,,
212,0,1.7582,0.006933333,Elias,Kachunga,,,,,,,,,,,,
319,0,1.1049,0.006666667,Mohamed,Diamé,,,,,,,,,,,,
342,0.970588235,1.584733333,0.006633333,Joshua,Sims,,,,,,,,,,,,
93,0,0.179223135,0.0066,Matthew,Connolly,,,,,,,,,,,,
461,-0.029411765,1.531766667,0.0065,Erik,Durm,,,,,,,,,,,,
311,0,1.3178,0.0065,Ciaran,Clark,,,,,,,,,,,,
487,0,0.465,0.0065,Alfie,Mawson,,,,,,,,,,,,
291,0,0.231066667,0.0065,Eric,Bailly,,,,,,,,,,,,
352,0,0.229733333,0.0061,Michel,Vorm,,,,,,,,,,,,
505,-0.058823529,0.509066667,0.0059,Jordan,Ayew,,,,,,,,,,,,
313,0,1.402166667,0.005833333,Paul,Dummett,,,,,,,,,,,,
368,0,0.844533333,0.005833333,Harry,Winks,,,,,,,,,,,,
16,0,0.2883,0.0058,Mohamed,Elneny,,,,,,,,,,,,
536,0,0.407933333,0.0057,Paulo,Gazzaniga,,,,,,,,,,,,
112,0,0.336333333,0.0057,Willy,Caballero,,,,,,,,,,,,
35,0,0.663366667,0.005566667,Andrew,Surman,,,,,,,,,,,,
514,-0.029411765,0.402166667,0.005566667,Isaac,Mbenza,,,,,,,,,,,,
107,-0.029411765,1.106166667,0.005466667,Kenneth,Zohore,,,,,,,,,,,,
169,0,0.675166667,0.005166667,Tom,Davies,,,,,,,,,,,,
183,0,0.440833333,0.005166667,Kevin,McDonald,,,,,,,,,,,,
539,-0.029411765,1.8728,0.0049,Grady,Diangana,,,,,,,,,,,,
50,-0.029411765,1.451666667,0.0049,Bruno,Saltor Grau,,,,,,,,,,,,
362,0,0.4987,0.0049,Mousa,Dembélé,,,,,,,,,,,,
204,0,0.3381,0.0049,Danny,Williams,,,,,,,,,,,,
160,0,0.171733333,0.0049,Mason,Holgate,,,,,,,,,,,,
77,0,0.170366667,0.0049,Steven,Defour,,,,,,,,,,,,
569,-0.058823529,0.3525,0.0047,Samir,Nasri,,,,,,,,,,,,
294,-0.058823529,2.322333333,0.0045,José Diogo,Dalot Teixeira,,,,,,,,,,,,
431,0,0.996633333,0.0045,Rúben Gonçalo,Silva Nascimento Vinagre,,,,,,,,,,,,
506,0,0.414366667,0.0045,Yerry,Mina,,,,,,,,,,,,
481,-0.029411765,0.9006,0.0044,Andreas,Pereira,,,,,,,,,,,,
209,0,0.2296,0.0044,Collin,Quaner,,,,,,,,,,,,
448,-0.029411765,1.5487,0.0043,Morgan,Gibbs-White,,,,,,,,,,,,
540,0,0.588166667,0.0041,Oliver,Skipp,,,,,,,,,,,,
170,-0.058823529,0.856366667,0.004,Ademola,Lookman,,,,,,,,,,,,
360,-0.058823529,0.615566667,0.004,Serge,Aurier,,,,,,,,,,,,
210,-0.029411765,0.4371,0.003966667,Laurent,Depoitre,,,,,,,,,,,,
298,-0.058823529,0.500133333,0.0039,Marouane,Fellaini,,,,,,,,,,,,
324,-0.029411765,1.7872,0.0035,Sung-yueng,Ki,,,,,,,,,,,,
486,-0.088235294,0.878666667,0.0034,Max,Meyer,,,,,,,,,,,,
287,0,0.622133333,0.003333333,Marcos,Rojo,,,,,,,,,,,,
516,-0.058823529,0.712133333,0.0033,Federico,Fernández,,,,,,,,,,,,
593,-0.029411765,0.176566667,0.0033,Håvard,Nordtveit,,,,,,,,,,,,
337,-0.029411765,0.173166667,0.0033,Steven,Davis,,,,,,,,,,,,
388,0,0.3543,0.0032,Tom,Cleverley,,,,,,,,,,,,
473,0,0.855033333,0.003166667,Diego,Rico,,,,,,,,,,,,
412,-0.088235294,1.5468,0.003,Cheikhou,Kouyaté,,,,,,,,,,,,
6,0,0.559933333,0.003,Rob,Holding,,,,,,,,,,,,
155,0,0.339262878,0.003,Maarten,Stekelenburg,,,,,,,,,,,,
285,-0.029411765,1.4233,0.0029,Phil,Jones,,,,,,,,,,,,
500,-0.029411765,1.324266667,0.0029,Adama,Traoré,,,,,,,,,,,,
266,0,1.164733333,0.0029,Danilo Luiz,da Silva,,,,,,,,,,,,
531,-0.029411765,0.783466667,0.0029,Sean,Longstaff,,,,,,,,,,,,
57,-0.029411765,0.5651,0.0029,Beram,Kayal,,,,,,,,,,,,
109,0,0.394781818,0.0029,Gary,Madine,,,,,,,,,,,,
217,0,0.359733333,0.0029,Danny,Simpson,,,,,,,,,,,,
71,0,0.3396,0.0029,Stephen,Ward,,,,,,,,,,,,
156,0,0.328166667,0.0029,Leighton,Baines,,,,,,,,,,,,
186,0,0.323366667,0.0029,Floyd,Ayité,,,,,,,,,,,,
349,0,0.280566667,0.0029,Manolo,Gabbiadini,,,,,,,,,,,,
73,-0.029411765,0.2513,0.0029,Kevin,Long,,,,,,,,,,,,
491,0,0.2406,0.0029,Ben,Gibson,,,,,,,,,,,,
200,0,0.194933333,0.0029,Rajiv,van La Parra,,,,,,,,,,,,
30,0,0.1763,0.0029,Tyrone,Mings,,,,,,,,,,,,
518,0,0.167133333,0.0029,Carlos,Sánchez,,,,,,,,,,,,
447,-0.029411765,0.137033333,0.0029,Jack,Wilshere,,,,,,,,,,,,
289,0,0.1277,0.0029,Matteo,Darmian,,,,,,,,,,,,
187,0,0.0743,0.0029,Neeskens,Kebano,,,,,,,,,,,,
398,0,0.29097775,0.002733333,Jerome,Sinclair,,,,,,,,,,,,
517,0,0.213266667,0.0026,Domingos,Quina,,,,,,,,,,,,
333,0,1.2578,0.0025,Jack,Stephens,,,,,,,,,,,,
54,0,0.807333333,0.0025,Leon,Balogun,,,,,,,,,,,,
269,-0.029411765,0.676266667,0.0025,Fabian,Delph,,,,,,,,,,,,
226,0,0.558,0.0025,Daniel,Amartey,,,,,,,,,,,,
161,-0.029411765,0.524533333,0.0025,Jonjoe,Kenny,,,,,,,,,,,,
418,0,0.502333333,0.0025,Andy,Carroll,,,,,,,,,,,,
39,0,0.348933333,0.0025,Lewis,Cook,,,,,,,,,,,,
185,0,0.1679,0.0025,Stefan,Johansen,,,,,,,,,,,,
386,-0.029411765,1.300933333,0.0024,Adam,Masina,,,,,,,,,,,,
387,0,0.318966667,0.002,Nathaniel,Chalobah,,,,,,,,,,,,
471,-0.029411765,0.360566667,0.001966667,Adama,Diakhaby,,,,,,,,,,,,
379,0,0.304566667,0.001833333,Miguel,Britos,,,,,,,,,,,,
38,-0.029411765,0.532766667,0.001566667,Jordon,Ibe,,,,,,,,,,,,
521,0,0.202533333,0.001333333,Ibrahima,Cissé,,,,,,,,,,,,
535,-0.029411765,0.674033333,0.0013,Kadeem,Harris,,,,,,,,,,,,
495,-0.029411765,0.599266667,0.0013,Matej,Vydra,,,,,,,,,,,,
550,-0.029411765,0.484633333,0.0013,Michael,Obafemi,,,,,,,,,,,,
235,-0.029411765,0.351433333,0.0013,Shinji,Okazaki,,,,,,,,,,,,
230,0,0.281333333,0.0013,Hamza,Choudhury,,,,,,,,,,,,
438,-0.029411765,0.2464,0.0013,Bonatini Lohner Maia,Bonatini,,,,,,,,,,,,
444,-0.029411765,0.2041,0.0013,Connor,Wickham,,,,,,,,,,,,
321,-0.029411765,0.1608,0.0013,Jacob,Murphy,,,,,,,,,,,,
467,0,0.6737,0.001166667,Greg,Cunninghamm,,,,,,,,,,,,
11,0,0.272566667,0.001166667,Stephan,Lichtsteiner,,,,,,,,,,,,
52,0,0.219818373,0.001,Markus,Suttner,,,,,,,,,,,,
20,-0.029411765,1.740233333,0.0009,Ainsley,Maitland-Niles,,,,,,,,,,,,
44,0,0.612533333,0.0009,Lys,Mousset,,,,,,,,,,,,
277,0,0.534633333,0.0009,Phil,Foden,,,,,,,,,,,,
488,0,0.4265,0.0009,Yoshinori,Muto,,,,,,,,,,,,
515,0,0.375233333,0.0009,Çaglar,Söyüncü,,,,,,,,,,,,
105,0,0.244866667,0.0009,Danny,Ward,,,,,,,,,,,,
153,0,0.2246,0.0009,Alexander,Sørloth,,,,,,,,,,,,
441,0,0.205433333,0.0009,Joel,Ward,,,,,,,,,,,,
228,0,0.1903,0.0009,Vicente,Iborra,,,,,,,,,,,,
574,0,0.703561905,0.0005,Sam,Gallagher,,,,,,,,,,,,
320,0,0.671766667,0.0005,Christian,Atsu,,,,,,,,,,,,
79,-0.029411765,0.617766667,0.0005,Robbie,Brady,,,,,,,,,,,,
570,0,0.191666667,0.0005,Callum,Slattery,,,,,,,,,,,,
439,0,0.114102952,0.0005,Jason,Steele,,,,,,,,,,,,
589,0,1.002,0.0004,Leandro,Bacuna,,,,,,,,,,,,
422,0,0.122126774,0.0004,Will,Norris,,,,,,,,,,,,
10,0,0.5006,-6.26E-17,Konstantinos,Mavropanos,,,,,,,,,,,,
608,0,0.456866667,-7.10E-17,Mason,Greenwood,,,,,,,,,,,,
148,0,0.322867041,-7.41E-17,Bakary,Sako,,,,,,,,,,,,
497,-0.029411765,0.247,-7.58E-17,Georges-Kévin,Nkoudou,,,,,,,,,,,,
397,0,0.1924,-7.62E-17,Stefano,Okaka,,,,,,,,,,,,
46,0,0.31692381,-7.71E-17,Jermain,Defoe,,,,,,,,,,,,
586,0,0.269966667,-7.87E-17,Denis,Suárez,,,,,,,,,,,,
216,0,0.2116,-7.90E-17,Christian,Fuchs,,,,,,,,,,,,
53,0,0.154570754,-7.90E-17,Ezequiel,Schelotto,,,,,,,,,,,,
207,0,0.1159,-7.97E-17,Ramadan,Sobhi,,,,,,,,,,,,
117,0,0.0762,-7.97E-17,Victor,Moses,,,,,,,,,,,,
581,0,0.147033333,-8.11E-17,Carl,Jenkinson,,,,,,,,,,,,
231,0,0.1559,-8.19E-17,Adrien Sebastian,Perruchet Silva,,,,,,,,,,,,
240,0,0.525733333,-8.23E-17,Alberto,Moreno,,,,,,,,,,,,
385,0,0.153866667,-8.43E-17,Marc,Navarro,,,,,,,,,,,,
232,0,0.069233333,-8.44E-17,Fousseni,Diabaté,,,,,,,,,,,,
120,0,0.311566667,-8.45E-17,Davide,Zappacosta,,,,,,,,,,,,
544,0,0.168533333,-8.54E-17,Ben,Wilmot,,,,,,,,,,,,
607,0,0.176,-8.65E-17,Aaron,Rowe,,,,,,,,,,,,
573,0,0.398733333,-8.69E-17,Rhys,Healey,,,,,,,,,,,,
377,0,0.148292531,-8.73E-17,Sebastian,Prödl,,,,,,,,,,,,
96,0,0.227066667,-8.76E-17,Ashley Darel Jazz,Richards,,,,,,,,,,,,
375,0,0.077963542,-8.82E-17,Younes,Kaboul,,,,,,,,,,,,
248,0,0.002631715,-8.83E-17,Alex,Oxlade-Chamberlain,,,,,,,,,,,,
560,0,0.1236,-8.87E-17,Alexandre Nascimento,Costa Silva,,,,,,,,,,,,
568,0,0.050133333,-8.90E-17,Angel,Gomes,,,,,,,,,,,,
594,0,0.0394,-8.92E-17,Lazar,Markovic,,,,,,,,,,,,
104,0,0.246366667,-8.94E-17,Loïc,Damour,,,,,,,,,,,,
612,0,0.031031715,-8.94E-17,George,Marsh,,,,,,,,,,,,
599,0,0.320039394,-8.95E-17,Sam,Surridge,,,,,,,,,,,,
196,0,0.058091447,-8.96E-17,Scott,Malone,,,,,,,,,,,,
610,0,0.030231715,-8.96E-17,Harvey,Elliott,,,,,,,,,,,,
171,0,0.014120097,-8.96E-17,Davy,Klaassen,,,,,,,,,,,,
205,0,0.083866667,-8.97E-17,Abdelhamid,Sabiri,,,,,,,,,,,,
554,0,0.156025338,-8.99E-17,Adalberto,Peñaranda,,,,,,,,,,,,
374,0,0.050131715,-9.00E-17,Pontus,Dahlberg,,,,,,,,,,,,
552,0,0.451526263,-9.02E-17,Edward,Nketiah,,,,,,,,,,,,
611,0,0.048120097,-9.04E-17,Nathan,Holland,,,,,,,,,,,,
384,0,0.041131715,-9.06E-17,Marvin,Zeegelaar,,,,,,,,,,,,
325,0,0.04025343,-9.08E-17,Dwight,Gayle,,,,,,,,,,,,
322,0,0.022120097,-9.11E-17,Mikel,Merino,,,,,,,,,,,,
373,0,0.495970668,-9.12E-17,Heurelho,Gomes,,,,,,,,,,,,
601,0,0.181466667,-9.12E-17,Demeaco,Duhaney,,,,,,,,,,,,
557,0,0.0456,-9.16E-17,Rafael,Camacho,,,,,,,,,,,,
41,0,0.004120097,-9.16E-17,Emerson,Hyndman,,,,,,,,,,,,
605,0,0.153792593,-9.17E-17,Ben,Johnson,,,,,,,,,,,,
566,0,0.083733333,-9.17E-17,Joseph,Willock,,,,,,,,,,,,
588,0,0.231803704,-9.22E-17,Antonio,Barreca,,,,,,,,,,,,
218,0,0.161734247,-9.26E-17,Yohan,Benalouane,,,,,,,,,,,,
443,0,0.034233333,-9.26E-17,Pape,Souaré,,,,,,,,,,,,
469,0,0.038120097,-9.28E-17,Kevin,Mirallas,,,,,,,,,,,,
542,0,0.382033846,-9.29E-17,Emiliano,Martínez,,,,,,,,,,,,
563,0,0.076200375,-9.31E-17,Bukayo,Saka,,,,,,,,,,,,
572,0,0.00420273,-9.31E-17,Max,Sanders,,,,,,,,,,,,
562,0,0.00839781,-9.33E-17,Tyreke,Johnson,,,,,,,,,,,,
34,0,0.182436811,-9.35E-17,Marc,Pugh,,,,,,,,,,,,
173,0,0.038120097,-9.35E-17,Nikola,Vlasic,,,,,,,,,,,,
602,0,0.00839781,-9.36E-17,James,Garner,,,,,,,,,,,,
600,0,0.005720097,-9.37E-17,Kyle,Taylor,,,,,,,,,,,,
559,0,0.00220273,-9.38E-17,Ben,White,,,,,,,,,,,,
64,0,0.116185989,-9.39E-17,Sam,Baldock,,,,,,,,,,,,
577,0,0.022120097,-9.39E-17,Callum,Roberts,,,,,,,,,,,,
582,0,0.020956353,-9.39E-17,Dan,Burn,,,,,,,,,,,,
350,0,0.000172892,-9.39E-17,Guido,Carrillo,,,,,,,,,,,,
501,0,0.032172892,-9.40E-17,Filip,Benkovic,,,,,,,,,,,,
565,0,0.132316667,-9.41E-17,Kayne,Ramsay,,,,,,,,,,,,
537,0,0.110851116,-9.43E-17,Brian,Murphy,,,,,,,,,,,,
63,0,0.02020273,-9.44E-17,Tomer,Hemed,,,,,,,,,,,,
114,0,0.3933,-9.46E-17,Gary,Cahill,,,,,,,,,,,,
558,0,0.032172892,-9.46E-17,Josh,Knight,,,,,,,,,,,,
341,0,0.000172892,-9.46E-17,Sofiane,Boufal,,,,,,,,,,,,
545,0,0.024120097,-9.48E-17,Emile,Smith-Rowe,,,,,,,,,,,,
244,0,0.004331715,-9.48E-17,Ragnar,Klavan,,,,,,,,,,,,
97,0,0.004120097,-9.49E-17,Greg,Halford,,,,,,,,,,,,
290,0,0.006172892,-9.50E-17,Daley,Blind,,,,,,,,,,,,
523,0,0.315412698,-9.51E-17,Luke,Amos,,,,,,,,,,,,
163,0,0.018120097,-9.53E-17,Cuco,Martina,,,,,,,,,,,,
603,0,0.00239781,-9.54E-17,Tahith,Chong,,,,,,,,,,,,
19,0,0.160028846,-9.55E-17,Reiss,Nelson,,,,,,,,,,,,
214,0,0.037671385,-9.55E-17,Eldin,Jakupovic,,,,,,,,,,,,
108,0,0.02521859,-9.56E-17,Omar,Bogle,,,,,,,,,,,,
103,0,0.004220097,-9.57E-17,Anthony,Pilkington,,,,,,,,,,,,
551,0,0.179231907,-9.58E-17,Viktor,Gyokeres,,,,,,,,,,,,
334,0,0.205107099,-9.59E-17,Sam,McQueen,,,,,,,,,,,,
229,0,0.075498619,-9.59E-17,Matty,James,,,,,,,,,,,,
553,0,0.115149406,-9.60E-17,Frederick,Woodman,,,,,,,,,,,,
564,0,0.000231715,-9.61E-17,Abd-Al-Ali Morakinyo Olaposi,Koiki,,,,,,,,,,,,
308,0,0.016020097,-9.62E-17,Karl,Darlow,,,,,,,,,,,,
546,0,0.15652349,-9.63E-17,Zech,Medley,,,,,,,,,,,,
89,0,0.069298139,-9.63E-17,Alex,Smithies,,,,,,,,,,,,
316,0,0.00701859,-9.63E-17,Chancel,Mbemba,,,,,,,,,,,,
609,0,0.0418496,-9.64E-17,Sam,Woods,,,,,,,,,,,,
457,0,0.019671385,-9.64E-17,Danny,Ward,,,,,,,,,,,,
86,0,0.192563766,-9.65E-17,Nahki,Wells,,,,,,,,,,,,
203,0,0.000120097,-9.66E-17,Tom,Ince,,,,,,,,,,,,
111,0,0.057561447,-9.67E-17,Thibaut,Courtois,,,,,,,,,,,,
416,0,0.022120097,-9.67E-17,Edimilson,Fernandes,,,,,,,,,,,,
530,0,0.011420097,-9.68E-17,Jamie,Sterry,,,,,,,,,,,,
597,0,0.000231715,-9.68E-17,Curtis,Jones,,,,,,,,,,,,
606,0,0.000120097,-9.68E-17,Matthew,Daly,,,,,,,,,,,,
165,0,0.00089478,-9.69E-17,Yannick,Bolasie,,,,,,,,,,,,
329,0,0.244653261,-9.70E-17,Fraser,Forster,,,,,,,,,,,,
81,0,0.159981239,-9.70E-17,Jonathan,Walters,,,,,,,,,,,,
68,0,0.080647575,-9.70E-17,Nick,Pope,,,,,,,,,,,,
578,0,0.029165048,-9.70E-17,Kazaiah,Sterling,,,,,,,,,,,,
584,0,0.029890122,-9.71E-17,Lucas,Perri,,,,,,,,,,,,
583,0,0.001831715,-9.71E-17,Josh,Benson,,,,,,,,,,,,
144,0,0.000230863,-9.71E-17,Jairo,Riedewald,,,,,,,,,,,,
307,0,0.050851923,-9.72E-17,Robert,Elliot,,,,,,,,,,,,
576,0,0.020897529,-9.72E-17,Joe,Tupper,,,,,,,,,,,,
428,0,0.046158113,-9.73E-17,Danny,Batth,,,,,,,,,,,,
424,0,0.000120097,-9.75E-17,Barry,Douglas,,,,,,,,,,,,
442,0,0.000143906,-9.76E-17,Jaroslaw,Jach,,,,,,,,,,,,
533,0,0.075505769,-9.77E-17,Ryan,Schofield,,,,,,,,,,,,
278,0,0.000120097,-9.78E-17,Brahim,Diaz,,,,,,,,,,,,
528,0,0.000120097,-9.78E-17,Kieran,Dowell,,,,,,,,,,,,
538,0,0.349638501,-9.79E-17,Alfie,Whiteman,,,,,,,,,,,,
496,0,0.000120097,-9.79E-17,Tammy,Abraham,,,,,,,,,,,,
238,0,0.000206399,-9.80E-17,Loris,Karius,,,,,,,,,,,,
520,0,0.000172892,-9.80E-17,Lee,Grant,,,,,,,,,,,,
470,0,0.00089478,-9.81E-17,Sandro,Ramírez,,,,,,,,,,,,
595,0,0.031920922,-9.83E-17,Alfie,Jones,,,,,,,,,,,,
477,0,0.000842399,-9.85E-17,Sullay,Kaikai,,,,,,,,,,,,
529,0,0.000207053,-9.85E-17,Arijanet,Muric,,,,,,,,,,,,
420,0,0.000120097,-9.85E-17,Jordan,Hugill,,,,,,,,,,,,
159,0,0.000120097,-9.85E-17,Ashley,Williams,,,,,,,,,,,,
525,0,0.247761447,-9.86E-17,Kortney,Hause,,,,,,,,,,,,
283,0,0.003422892,-9.86E-17,Sergio,Romero,,,,,,,,,,,,
261,0,0.000505546,-9.86E-17,Claudio,Bravo,,,,,,,,,,,,
485,0,0.192655922,-9.87E-17,Anders,Lindegaard,,,,,,,,,,,,
561,0,0.040343355,-9.87E-17,Timothy,Eyoma,,,,,,,,,,,,
598,0,0.035012689,-9.87E-17,Joel,Coleman,,,,,,,,,,,,
604,0,0.022113885,-9.87E-17,Philippe,Sandler,,,,,,,,,,,,
399,0,0.149108156,-9.88E-17,Adrián,San Miguel del Castillo,,,,,,,,,,,,
401,0,0.000886763,-9.88E-17,Winston,Reid,,,,,,,,,,,,
129,0,0.000120097,-9.88E-17,Tiemoué,Bakayoko,,,,,,,,,,,,
596,0,0.023557687,-9.90E-17,Cameron,John,,,,,,,,,,,,
237,0,0.000206399,-9.90E-17,Simon,Mignolet,,,,,,,,,,,,
174,0,0.000120097,-9.90E-17,Beni,Baningime,,,,,,,,,,,,
404,0,0.000120097,-9.90E-17,Sam,Byram,,,,,,,,,,,,
166,0,0.24745343,-9.92E-17,James,McCarthy,,,,,,,,,,,,
532,0,0.034760097,-9.92E-17,Tyias,Browning,,,,,,,,,,,,
130,0,0.002886763,-9.93E-17,Ethan,Ampadu,,,,,,,,,,,,
429,0,0.002786763,-9.93E-17,Roderick Jefferson,Gonçalves Miranda,,,,,,,,,,,,
567,0,0.017637174,-9.94E-17,Max,Kilman,,,,,,,,,,,,
188,0,0.006306399,-9.94E-17,Rui Pedro,da Rocha Fonte,,,,,,,,,,,,
555,0,0.140047756,-9.95E-17,Ryan John,Giles,,,,,,,,,,,,
547,0,0.002120097,-9.96E-17,Joe,Powell,,,,,,,,,,,,
541,0,0.139684706,-9.97E-17,Zeze Steven,Sessegnon,,,,,,,,,,,,
128,0,0.00309478,-9.99E-17,Daniel,Drinkwater,,,,,,,,,,,,
548,0,0.019720097,-1.00E-16,Conor,Coventry,,,,,,,,,,,,
407,0,0.00109478,-1.00E-16,Reece,Oxford,,,,,,,,,,,,
449,0,0.000120097,-1.00E-16,Rafa,Mir,,,,,,,,,,,,
436,0,0.00209478,-1.01E-16,Bright,Enobakhare,,,,,,,,,,,,
